{
"lengthUnit": "mil",
"components": {
	"fields": ["COMPONENT_NO", "COMPONENT_NAME", "LAYER", "X_COORDINATE", "Y_COORDINATE", "ANGLE"],
	"rows": [
		[1, "H1", "T", 425, -150, 0],
		[2, "IN1", "T", 310, -810, 180],
		[3, "IN2", "T", 745, -815, 180],
		[4, "IN3", "T", 1185, -810, 180],
		[5, "IN4", "T", 1615, -810, 180],
		[6, "IN5", "T", 2045, -810, 180],
		[7, "IN6", "T", 2475, -820, 180],
		[8, "R20", "T", 380, -325, 90],
		[9, "R21", "T", 110, -820, 90],
		[10, "R22", "T", 380, -610, 90],
		[11, "R23", "T", 845, -325, 90],
		[12, "R24", "T", 546.36, -821.01, 90],
		[13, "R25", "T", 845, -650, 90],
		[14, "R26", "T", 1240, -150, 180],
		[15, "R27", "T", 990, -815, 90],
		[16, "R28", "T", 1290, -635, 90],
		[17, "R29", "T", 1630, -155, 180],
		[18, "R30", "T", 1415, -820, 90],
		[19, "R31", "T", 1715, -635, 90],
		[20, "R32", "T", 2010, -155, 180],
		[21, "R33", "T", 1850, -825, 90],
		[22, "R34", "T", 2130, -630, 90],
		[23, "R35", "T", 2380, -155, 180],
		[24, "R36", "T", 2270, -830, 90],
		[25, "R37", "T", 2555, -635, 90],
		[26, "U13", "B", 1800, -355, 90],
		[27, "U14", "T", 215, -480, 0],
		[28, "U15", "T", 240, -1195, 90],
		[29, "U16", "T", 670, -480, 0],
		[30, "U17", "T", 670, -1200, 90],
		[31, "U18", "T", 1120, -480, 0],
		[32, "U19", "T", 1105, -1195, 90],
		[33, "U20", "T", 1535, -485, 0],
		[34, "U21", "T", 1535, -1205, 90],
		[35, "U22", "T", 1960, -495, 0],
		[36, "U23", "T", 1965, -1205, 90],
		[37, "U24", "T", 2390, -495, 0],
		[38, "U25", "T", 2390, -1205, 90]
	]
},
"pins": {
	"fields": ["PIN_NO", "PIN_NAME", "PIN_X", "PIN_Y", "LAYER", "PIN_TYPE", "NET_NAME", "NET_TYPE", "PAD_SHAPE", "PAD_SIZEX", "PAD_SIZEY", "HOLE_SIZE", "PAD_ANGLE"],
	"rows": [
		[1, "H1_1", 225, -150, "T", "DIP", "5V", "", "R", 66.93, 66.93, 43.31, 0],
		[2, "H1_1", 225, -150, "B", "DIP", "5V", "", "R", 66.93, 66.93, 43.31, 0],
		[3, "H1_2", 325, -150, "T", "DIP", "3V3", "", "C", 66.93, 66.93, 43.31, 0],
		[4, "H1_2", 325, -150, "B", "DIP", "3V3", "", "C", 66.93, 66.93, 43.31, 0],
		[5, "H1_3", 425, -150, "T", "DIP", "IIC_SCL", "", "C", 66.93, 66.93, 43.31, 0],
		[6, "H1_3", 425, -150, "B", "DIP", "IIC_SCL", "", "C", 66.93, 66.93, 43.31, 0],
		[7, "H1_4", 525, -150, "T", "DIP", "IIC_SDA", "", "C", 66.93, 66.93, 43.31, 0],
		[8, "H1_4", 525, -150, "B", "DIP", "IIC_SDA", "", "C", 66.93, 66.93, 43.31, 0],
		[9, "H1_5", 625, -150, "T", "DIP", "GND", "GND", "C", 66.93, 66.93, 43.31, 0],
		[10, "H1_5", 625, -150, "B", "DIP", "GND", "GND", "C", 66.93, 66.93, 43.31, 0],
		[11, "IN1_1", 380.87, -810, "T", "SMD", "$1N6838", "", "R", 59.05, 62.99, 0, 180],
		[12, "IN1_2", 239.13, -810, "T", "SMD", "$1N6799", "", "R", 59.05, 62.99, 0, 180],
		[13, "IN2_1", 815.87, -815, "T", "SMD", "$1N8408", "", "R", 59.05, 62.99, 0, 180],
		[14, "IN2_2", 674.13, -815, "T", "SMD", "$1N8409", "", "R", 59.05, 62.99, 0, 180],
		[15, "IN3_1", 1255.87, -810, "T", "SMD", "$1N8682", "", "R", 59.05, 62.99, 0, 180],
		[16, "IN3_2", 1114.13, -810, "T", "SMD", "$1N8683", "", "R", 59.05, 62.99, 0, 180],
		[17, "IN4_1", 1685.87, -810, "T", "SMD", "$1N8956", "", "R", 59.05, 62.99, 0, 180],
		[18, "IN4_2", 1544.13, -810, "T", "SMD", "$1N8957", "", "R", 59.05, 62.99, 0, 180],
		[19, "IN5_1", 2115.87, -810, "T", "SMD", "$1N9230", "", "R", 59.05, 62.99, 0, 180],
		[20, "IN5_2", 1974.13, -810, "T", "SMD", "$1N9231", "", "R", 59.05, 62.99, 0, 180],
		[21, "IN6_1", 2545.87, -820, "T", "SMD", "$1N9504", "", "R", 59.05, 62.99, 0, 180],
		[22, "IN6_2", 2404.13, -820, "T", "SMD", "$1N9505", "", "R", 59.05, 62.99, 0, 180],
		[23, "R20_1", 380, -383.22, "T", "SMD", "IN_D1", "", "R", 47.54, 66.97, 0, 90],
		[24, "R20_2", 380, -266.78, "T", "SMD", "GND", "GND", "R", 47.54, 66.97, 0, 90],
		[25, "R21_1", 110, -878.22, "T", "SMD", "$1N6799", "", "R", 47.54, 66.97, 0, 90],
		[26, "R21_2", 110, -761.78, "T", "SMD", "$1N6701", "", "R", 47.54, 66.97, 0, 90],
		[27, "R22_1", 380, -668.22, "T", "SMD", "$1N6838", "", "R", 47.54, 66.97, 0, 90],
		[28, "R22_2", 380, -551.78, "T", "SMD", "GND", "GND", "R", 47.54, 66.97, 0, 90],
		[29, "R23_1", 845, -383.22, "T", "SMD", "IN_D2", "", "R", 47.54, 66.97, 0, 90],
		[30, "R23_2", 845, -266.78, "T", "SMD", "GND", "GND", "R", 47.54, 66.97, 0, 90],
		[31, "R24_1", 546.36, -879.23, "T", "SMD", "$1N8409", "", "R", 47.54, 66.97, 0, 90],
		[32, "R24_2", 546.36, -762.79, "T", "SMD", "$1N8405", "", "R", 47.54, 66.97, 0, 90],
		[33, "R25_1", 845, -708.22, "T", "SMD", "$1N8408", "", "R", 47.54, 66.97, 0, 90],
		[34, "R25_2", 845, -591.78, "T", "SMD", "GND", "GND", "R", 47.54, 66.97, 0, 90],
		[35, "R26_1", 1298.22, -150, "T", "SMD", "IN_D3", "", "R", 47.54, 66.97, 0, 180],
		[36, "R26_2", 1181.78, -150, "T", "SMD", "GND", "GND", "R", 47.54, 66.97, 0, 180],
		[37, "R27_1", 990, -873.22, "T", "SMD", "$1N8683", "", "R", 47.54, 66.97, 0, 90],
		[38, "R27_2", 990, -756.78, "T", "SMD", "$1N8679", "", "R", 47.54, 66.97, 0, 90],
		[39, "R28_1", 1290, -693.22, "T", "SMD", "$1N8682", "", "R", 47.54, 66.97, 0, 90],
		[40, "R28_2", 1290, -576.78, "T", "SMD", "GND", "GND", "R", 47.54, 66.97, 0, 90],
		[41, "R29_1", 1688.22, -155, "T", "SMD", "IN_D4", "", "R", 47.54, 66.97, 0, 180],
		[42, "R29_2", 1571.78, -155, "T", "SMD", "GND", "GND", "R", 47.54, 66.97, 0, 180],
		[43, "R30_1", 1415, -878.22, "T", "SMD", "$1N8957", "", "R", 47.54, 66.97, 0, 90],
		[44, "R30_2", 1415, -761.78, "T", "SMD", "$1N8953", "", "R", 47.54, 66.97, 0, 90],
		[45, "R31_1", 1715, -693.22, "T", "SMD", "$1N8956", "", "R", 47.54, 66.97, 0, 90],
		[46, "R31_2", 1715, -576.78, "T", "SMD", "GND", "GND", "R", 47.54, 66.97, 0, 90],
		[47, "R32_1", 2068.22, -155, "T", "SMD", "IN_D5", "", "R", 47.54, 66.97, 0, 180],
		[48, "R32_2", 1951.78, -155, "T", "SMD", "GND", "GND", "R", 47.54, 66.97, 0, 180],
		[49, "R33_1", 1850, -883.22, "T", "SMD", "$1N9231", "", "R", 47.54, 66.97, 0, 90],
		[50, "R33_2", 1850, -766.78, "T", "SMD", "$1N9227", "", "R", 47.54, 66.97, 0, 90],
		[51, "R34_1", 2130, -688.22, "T", "SMD", "$1N9230", "", "R", 47.54, 66.97, 0, 90],
		[52, "R34_2", 2130, -571.78, "T", "SMD", "GND", "GND", "R", 47.54, 66.97, 0, 90],
		[53, "R35_1", 2438.22, -155, "T", "SMD", "IN_D6", "", "R", 47.54, 66.97, 0, 180],
		[54, "R35_2", 2321.78, -155, "T", "SMD", "GND", "GND", "R", 47.54, 66.97, 0, 180],
		[55, "R36_1", 2270, -888.22, "T", "SMD", "$1N9505", "", "R", 47.54, 66.97, 0, 90],
		[56, "R36_2", 2270, -771.78, "T", "SMD", "$1N9501", "", "R", 47.54, 66.97, 0, 90],
		[57, "R37_1", 2555, -693.22, "T", "SMD", "$1N9504", "", "R", 47.54, 66.97, 0, 90],
		[58, "R37_2", 2555, -576.78, "T", "SMD", "GND", "GND", "R", 47.54, 66.97, 0, 90],
		[59, "U13_1", 1683, -530, "B", "SMD", "GND", "GND", "O", 23.62, 70.87, 0, 270],
		[60, "U13_2", 1683, -480, "B", "SMD", "GND", "GND", "O", 23.62, 70.87, 0, 270],
		[61, "U13_3", 1683, -430, "B", "SMD", "3V3", "", "O", 23.62, 70.87, 0, 270],
		[62, "U13_4", 1683, -380, "B", "SMD", "IN_D1", "", "O", 23.62, 70.87, 0, 270],
		[63, "U13_5", 1683, -330, "B", "SMD", "IN_D2", "", "O", 23.62, 70.87, 0, 270],
		[64, "U13_6", 1683, -280, "B", "SMD", "IN_D3", "", "O", 23.62, 70.87, 0, 270],
		[65, "U13_7", 1683, -230, "B", "SMD", "IN_D4", "", "O", 23.62, 70.87, 0, 270],
		[66, "U13_8", 1683, -180, "B", "SMD", "GND", "GND", "O", 23.62, 70.87, 0, 270],
		[67, "U13_9", 1917, -180, "B", "SMD", "IN_D5", "", "O", 23.62, 70.87, 0, 270],
		[68, "U13_10", 1917, -230, "B", "SMD", "IN_D6", "", "O", 23.62, 70.87, 0, 270],
		[69, "U13_11", 1917, -280, "B", "SMD", "U13_11", "", "O", 23.62, 70.87, 0, 270],
		[70, "U13_12", 1917, -330, "B", "SMD", "U13_12", "", "O", 23.62, 70.87, 0, 270],
		[71, "U13_13", 1917, -380, "B", "SMD", "U13_13", "", "O", 23.62, 70.87, 0, 270],
		[72, "U13_14", 1917, -430, "B", "SMD", "IIC_SCL", "", "O", 23.62, 70.87, 0, 270],
		[73, "U13_15", 1917, -480, "B", "SMD", "IIC_SDA", "", "O", 23.62, 70.87, 0, 270],
		[74, "U13_16", 1917, -530, "B", "SMD", "3V3", "", "O", 23.62, 70.87, 0, 270],
		[75, "U14_1", 165, -663.07, "T", "SMD", "$1N6701", "", "R", 59.05, 78.74, 0, 180],
		[76, "U14_2", 265, -663.07, "T", "SMD", "GND", "GND", "R", 59.05, 78.74, 0, 180],
		[77, "U14_3", 265, -296.93, "T", "SMD", "IN_D1", "", "R", 59.05, 78.74, 0, 180],
		[78, "U14_4", 165, -296.93, "T", "SMD", "5V", "", "R", 59.05, 78.74, 0, 180],
		[79, "U15_1", 240, -1380.04, "T", "DIP", "U15_1", "", "R", 70.87, 118.11, 98.42, 90],
		[80, "U15_1", 240, -1380.04, "B", "DIP", "U15_1", "", "R", 70.87, 118.11, 98.42, 90],
		[81, "U15_2", 240, -1195, "T", "DIP", "$1N6799", "", "O", 70.87, 118.11, 98.42, 90],
		[82, "U15_2", 240, -1195, "B", "DIP", "$1N6799", "", "O", 70.87, 118.11, 98.42, 90],
		[83, "U15_3", 240, -1009.96, "T", "DIP", "5V", "", "O", 70.87, 118.11, 98.42, 90],
		[84, "U15_3", 240, -1009.96, "B", "DIP", "5V", "", "O", 70.87, 118.11, 98.42, 90],
		[85, "U16_1", 620, -663.07, "T", "SMD", "$1N8405", "", "R", 59.05, 78.74, 0, 180],
		[86, "U16_2", 720, -663.07, "T", "SMD", "GND", "GND", "R", 59.05, 78.74, 0, 180],
		[87, "U16_3", 720, -296.93, "T", "SMD", "IN_D2", "", "R", 59.05, 78.74, 0, 180],
		[88, "U16_4", 620, -296.93, "T", "SMD", "5V", "", "R", 59.05, 78.74, 0, 180],
		[89, "U17_1", 670, -1385.04, "T", "DIP", "U17_1", "", "R", 70.87, 118.11, 98.42, 90],
		[90, "U17_1", 670, -1385.04, "B", "DIP", "U17_1", "", "R", 70.87, 118.11, 98.42, 90],
		[91, "U17_2", 670, -1200, "T", "DIP", "$1N8409", "", "O", 70.87, 118.11, 98.42, 90],
		[92, "U17_2", 670, -1200, "B", "DIP", "$1N8409", "", "O", 70.87, 118.11, 98.42, 90],
		[93, "U17_3", 670, -1014.96, "T", "DIP", "5V", "", "O", 70.87, 118.11, 98.42, 90],
		[94, "U17_3", 670, -1014.96, "B", "DIP", "5V", "", "O", 70.87, 118.11, 98.42, 90],
		[95, "U18_1", 1070, -663.07, "T", "SMD", "$1N8679", "", "R", 59.05, 78.74, 0, 180],
		[96, "U18_2", 1170, -663.07, "T", "SMD", "GND", "GND", "R", 59.05, 78.74, 0, 180],
		[97, "U18_3", 1170, -296.93, "T", "SMD", "IN_D3", "", "R", 59.05, 78.74, 0, 180],
		[98, "U18_4", 1070, -296.93, "T", "SMD", "5V", "", "R", 59.05, 78.74, 0, 180],
		[99, "U19_1", 1105, -1380.04, "T", "DIP", "U19_1", "", "R", 70.87, 118.11, 98.42, 90],
		[100, "U19_1", 1105, -1380.04, "B", "DIP", "U19_1", "", "R", 70.87, 118.11, 98.42, 90],
		[101, "U19_2", 1105, -1195, "T", "DIP", "$1N8683", "", "O", 70.87, 118.11, 98.42, 90],
		[102, "U19_2", 1105, -1195, "B", "DIP", "$1N8683", "", "O", 70.87, 118.11, 98.42, 90],
		[103, "U19_3", 1105, -1009.96, "T", "DIP", "5V", "", "O", 70.87, 118.11, 98.42, 90],
		[104, "U19_3", 1105, -1009.96, "B", "DIP", "5V", "", "O", 70.87, 118.11, 98.42, 90],
		[105, "U20_1", 1485, -668.07, "T", "SMD", "$1N8953", "", "R", 59.05, 78.74, 0, 180],
		[106, "U20_2", 1585, -668.07, "T", "SMD", "GND", "GND", "R", 59.05, 78.74, 0, 180],
		[107, "U20_3", 1585, -301.93, "T", "SMD", "IN_D4", "", "R", 59.05, 78.74, 0, 180],
		[108, "U20_4", 1485, -301.93, "T", "SMD", "5V", "", "R", 59.05, 78.74, 0, 180],
		[109, "U21_1", 1535, -1390.04, "T", "DIP", "U21_1", "", "R", 70.87, 118.11, 98.42, 90],
		[110, "U21_1", 1535, -1390.04, "B", "DIP", "U21_1", "", "R", 70.87, 118.11, 98.42, 90],
		[111, "U21_2", 1535, -1205, "T", "DIP", "$1N8957", "", "O", 70.87, 118.11, 98.42, 90],
		[112, "U21_2", 1535, -1205, "B", "DIP", "$1N8957", "", "O", 70.87, 118.11, 98.42, 90],
		[113, "U21_3", 1535, -1019.96, "T", "DIP", "5V", "", "O", 70.87, 118.11, 98.42, 90],
		[114, "U21_3", 1535, -1019.96, "B", "DIP", "5V", "", "O", 70.87, 118.11, 98.42, 90],
		[115, "U22_1", 1910, -678.07, "T", "SMD", "$1N9227", "", "R", 59.05, 78.74, 0, 180],
		[116, "U22_2", 2010, -678.07, "T", "SMD", "GND", "GND", "R", 59.05, 78.74, 0, 180],
		[117, "U22_3", 2010, -311.93, "T", "SMD", "IN_D5", "", "R", 59.05, 78.74, 0, 180],
		[118, "U22_4", 1910, -311.93, "T", "SMD", "5V", "", "R", 59.05, 78.74, 0, 180],
		[119, "U23_1", 1965, -1390.04, "T", "DIP", "U23_1", "", "R", 70.87, 118.11, 98.42, 90],
		[120, "U23_1", 1965, -1390.04, "B", "DIP", "U23_1", "", "R", 70.87, 118.11, 98.42, 90],
		[121, "U23_2", 1965, -1205, "T", "DIP", "$1N9231", "", "O", 70.87, 118.11, 98.42, 90],
		[122, "U23_2", 1965, -1205, "B", "DIP", "$1N9231", "", "O", 70.87, 118.11, 98.42, 90],
		[123, "U23_3", 1965, -1019.96, "T", "DIP", "5V", "", "O", 70.87, 118.11, 98.42, 90],
		[124, "U23_3", 1965, -1019.96, "B", "DIP", "5V", "", "O", 70.87, 118.11, 98.42, 90],
		[125, "U24_1", 2340, -678.07, "T", "SMD", "$1N9501", "", "R", 59.05, 78.74, 0, 180],
		[126, "U24_2", 2440, -678.07, "T", "SMD", "GND", "GND", "R", 59.05, 78.74, 0, 180],
		[127, "U24_3", 2440, -311.93, "T", "SMD", "IN_D6", "", "R", 59.05, 78.74, 0, 180],
		[128, "U24_4", 2340, -311.93, "T", "SMD", "5V", "", "R", 59.05, 78.74, 0, 180],
		[129, "U25_1", 2390, -1390.04, "T", "DIP", "U25_1", "", "R", 70.87, 118.11, 98.42, 90],
		[130, "U25_1", 2390, -1390.04, "B", "DIP", "U25_1", "", "R", 70.87, 118.11, 98.42, 90],
		[131, "U25_2", 2390, -1205, "T", "DIP", "$1N9505", "", "O", 70.87, 118.11, 98.42, 90],
		[132, "U25_2", 2390, -1205, "B", "DIP", "$1N9505", "", "O", 70.87, 118.11, 98.42, 90],
		[133, "U25_3", 2390, -1019.96, "T", "DIP", "5V", "", "O", 70.87, 118.11, 98.42, 90],
		[134, "U25_3", 2390, -1019.96, "B", "DIP", "5V", "", "O", 70.87, 118.11, 98.42, 90]
	]
}
}