{
"lengthUnit": "mil",
"components": {
	"fields": ["COMPONENT_NO", "COMPONENT_NAME", "LAYER", "X_COORDINATE", "Y_COORDINATE", "ANGLE"],
	"rows": [
		[1, "((BOOT))", "T", 1398.12, -208.12, 90],
		[2, "((POWER))", "T", 635, -1830, 270],
		[3, "((RESET))", "T", 1218.12, -208.12, 90],
		[4, "C1", "T", 170, -1520, 270],
		[5, "C2", "T", 335, -1535, 270],
		[6, "C3", "T", 535, -1535, 270],
		[7, "C4", "T", 65, -1520, 90],
		[8, "C5", "T", 1130, -850, 0],
		[9, "C6", "T", 1090, -1100, 0],
		[10, "C7", "T", 380, -1840, 270],
		[11, "C8", "T", 195, -2110, 180],
		[12, "C9", "T", 1805, -175, 0],
		[13, "C10", "T", 1785, -400, 0],
		[14, "C11", "T", 1785, -500, 0],
		[15, "C12", "T", 1605, -715, 270],
		[16, "C13", "T", 2230, -210, 270],
		[17, "C14", "T", 2133.87, -209.69, 270],
		[18, "C15", "T", 2038.87, -209.69, 270],
		[19, "CN1", "T", 1060, -1920, 0],
		[20, "H1", "T", 1365, -1735, 180],
		[21, "H2", "T", 535, -2085, 180],
		[22, "H3", "T", 866.14, -165, 0],
		[23, "H4", "T", 866.14, -275.59, 0],
		[24, "H5", "T", 1141.73, -1535.43, 90],
		[25, "J1", "T", 2215, -1735, 0],
		[26, "J2", "T", 820, -1470, 90],
		[27, "J3", "T", 900, -1470, 90],
		[28, "L1", "T", 1830, -285, 0],
		[29, "L2", "T", 1760, -1470, 180],
		[30, "Q1", "T", 1295, -965, 270],
		[31, "Q2", "T", 1430, -965, 270],
		[32, "R1", "T", 1695, -1765, 90],
		[33, "R2", "T", 1600, -1765, 90],
		[34, "R3", "T", 1545, -935, 90],
		[35, "R4", "T", 455, -460, 180],
		[36, "R5", "T", 1360, -820, 0],
		[37, "R6", "T", 800, -480, 0],
		[38, "R7", "T", 520, -1830, 270],
		[39, "R8", "T", 715, -1490, 90],
		[40, "R9", "T", 1218.12, -623.12, 270],
		[41, "R10", "T", 1216.38, -428.76, 90],
		[42, "R11", "T", 1403.12, -623.12, 270],
		[43, "R12", "T", 1401.51, -428.76, 90],
		[44, "R13", "T", 2210, -570, 0],
		[45, "R14", "T", 2560, -950, 90],
		[46, "R15", "T", 2560, -1200, 270],
		[47, "R16", "T", 1700, -845, 270],
		[48, "R17", "T", 2465, -1200, 270],
		[49, "R18", "T", 940, -1790, 0],
		[50, "S1", "T", 472.44, -196.85, 0],
		[51, "S2", "T", 2440.94, -196.85, 0],
		[52, "S3", "T", 1377.95, -1535.43, 0],
		[53, "U1", "T", 1405, -1215, 0],
		[54, "U2", "T", 410, -975, 90],
		[55, "U3", "T", 180, -1835, 270],
		[56, "U4", "T", 2290, -1035, 90],
		[57, "U5", "T", 2195, -1165, 270],
		[58, "U6", "T", 2100, -1165, 270],
		[59, "U7", "T", 2005, -1035, 90],
		[60, "U8", "T", 1980, -670, 270],
		[61, "USB1", "T", 1655, -2030, 0]
	]
},
"pins": {
	"fields": ["PIN_NO", "PIN_NAME", "PIN_X", "PIN_Y", "LAYER", "PIN_TYPE", "NET_NAME", "NET_TYPE", "PAD_SHAPE", "PAD_SIZEX", "PAD_SIZEY", "HOLE_SIZE", "PAD_ANGLE"],
	"rows": [
		[1, "((BOOT))_1", 1398.12, -294.14, "T", "SMD", "$3N31018", "", "R", 48.42, 53.54, 0, 90],
		[2, "((BOOT))_2", 1398.12, -122.1, "T", "SMD", "GND", "GND", "R", 48.42, 53.54, 0, 90],
		[3, "((POWER))_1", 635, -1759.13, "T", "SMD", "GND", "GND", "R", 59.05, 62.99, 0, 270],
		[4, "((POWER))_2", 635, -1900.87, "T", "SMD", "$3N2879", "", "R", 59.05, 62.99, 0, 270],
		[5, "((RESET))_1", 1218.12, -294.14, "T", "SMD", "$3N31022", "", "R", 48.42, 53.54, 0, 90],
		[6, "((RESET))_2", 1218.12, -122.1, "T", "SMD", "GND", "GND", "R", 48.42, 53.54, 0, 90],
		[7, "C1_1", 170, -1457.3, "T", "SMD", "3V3", "", "R", 58.47, 68.03, 0, 270],
		[8, "C1_2", 170, -1582.7, "T", "SMD", "GND", "GND", "R", 58.47, 68.03, 0, 270],
		[9, "C2_1", 335, -1464.13, "T", "SMD", "3V3", "", "R", 102.36, 43.31, 0, 270],
		[10, "C2_2", 335, -1605.87, "T", "SMD", "GND", "GND", "R", 102.36, 43.31, 0, 270],
		[11, "C3_1", 535, -1464.13, "T", "SMD", "3V3", "", "R", 102.36, 43.31, 0, 270],
		[12, "C3_2", 535, -1605.87, "T", "SMD", "GND", "GND", "R", 102.36, 43.31, 0, 270],
		[13, "C4_1", 65, -1582.7, "T", "SMD", "GND", "GND", "R", 58.47, 68.03, 0, 90],
		[14, "C4_2", 65, -1457.3, "T", "SMD", "3V3", "", "R", 58.47, 68.03, 0, 90],
		[15, "C5_1", 1067.3, -850, "T", "SMD", "GND", "GND", "R", 58.47, 68.03, 0, 0],
		[16, "C5_2", 1192.7, -850, "T", "SMD", "EN", "", "R", 58.47, 68.03, 0, 0],
		[17, "C6_1", 1027.3, -1100, "T", "SMD", "GND", "GND", "R", 58.47, 68.03, 0, 0],
		[18, "C6_2", 1152.7, -1100, "T", "SMD", "3V3", "", "R", 58.47, 68.03, 0, 0],
		[19, "C7_1", 380, -1777.3, "T", "SMD", "GND", "GND", "R", 58.47, 68.03, 0, 270],
		[20, "C7_2", 380, -1902.7, "T", "SMD", "5VUSB", "", "R", 58.47, 68.03, 0, 270],
		[21, "C8_1", 234.37, -2110, "T", "DIP", "3V3REGOLATORE", "", "C", 51.18, 51.18, 31.5, 180],
		[22, "C8_1", 234.37, -2110, "B", "DIP", "3V3REGOLATORE", "", "C", 51.18, 51.18, 31.5, 180],
		[23, "C8_2", 155.63, -2110, "T", "DIP", "GND", "GND", "C", 51.18, 51.18, 31.5, 180],
		[24, "C8_2", 155.63, -2110, "B", "DIP", "GND", "GND", "C", 51.18, 51.18, 31.5, 180],
		[25, "C9_1", 1742.3, -175, "T", "SMD", "GND", "GND", "R", 58.47, 68.03, 0, 0],
		[26, "C9_2", 1867.7, -175, "T", "SMD", "+3.3VNET", "", "R", 58.47, 68.03, 0, 0],
		[27, "C10_1", 1722.3, -400, "T", "SMD", "GND", "GND", "R", 58.47, 68.03, 0, 0],
		[28, "C10_2", 1847.7, -400, "T", "SMD", "$3N27371", "", "R", 58.47, 68.03, 0, 0],
		[29, "C11_1", 1722.3, -500, "T", "SMD", "GND", "GND", "R", 58.47, 68.03, 0, 0],
		[30, "C11_2", 1847.7, -500, "T", "SMD", "$3N27371", "", "R", 58.47, 68.03, 0, 0],
		[31, "C12_1", 1605, -652.3, "T", "SMD", "GND", "GND", "R", 58.47, 68.03, 0, 270],
		[32, "C12_2", 1605, -777.7, "T", "SMD", "RST_NET", "", "R", 58.47, 68.03, 0, 270],
		[33, "C13_1", 2230, -147.3, "T", "SMD", "GND", "GND", "R", 58.47, 68.03, 0, 270],
		[34, "C13_2", 2230, -272.7, "T", "SMD", "+3.3VNET", "", "R", 58.47, 68.03, 0, 270],
		[35, "C14_1", 2133.87, -146.99, "T", "SMD", "GND", "GND", "R", 58.47, 68.03, 0, 270],
		[36, "C14_2", 2133.87, -272.39, "T", "SMD", "+3.3VNET", "", "R", 58.47, 68.03, 0, 270],
		[37, "C15_1", 2038.87, -146.99, "T", "SMD", "GND", "GND", "R", 58.47, 68.03, 0, 270],
		[38, "C15_2", 2038.87, -272.39, "T", "SMD", "+3.3VNET", "", "R", 58.47, 68.03, 0, 270],
		[39, "CN1_1", 860, -1920, "T", "DIP", "GND", "GND", "R", 98.42, 98.42, 74.8, 0],
		[40, "CN1_1", 860, -1920, "B", "DIP", "GND", "GND", "R", 98.42, 98.42, 74.8, 0],
		[41, "CN1_2", 1060, -1920, "T", "DIP", "TEMPERATURA", "", "C", 98.42, 98.42, 74.8, 0],
		[42, "CN1_2", 1060, -1920, "B", "DIP", "TEMPERATURA", "", "C", 98.42, 98.42, 74.8, 0],
		[43, "CN1_3", 1260, -1920, "T", "DIP", "3V3", "", "C", 98.42, 98.42, 74.8, 0],
		[44, "CN1_3", 1260, -1920, "B", "DIP", "3V3", "", "C", 98.42, 98.42, 74.8, 0],
		[45, "H1_1", 1465, -1735, "T", "DIP", "VBUS", "", "R", 62, 70.87, 47.24, 180],
		[46, "H1_1", 1465, -1735, "B", "DIP", "VBUS", "", "R", 62, 70.87, 47.24, 180],
		[47, "H1_2", 1365, -1735, "T", "DIP", "5VUSB", "", "C", 70.87, 70.87, 47.24, 180],
		[48, "H1_2", 1365, -1735, "B", "DIP", "5VUSB", "", "C", 70.87, 70.87, 47.24, 180],
		[49, "H1_3", 1265, -1735, "T", "DIP", "5V", "", "C", 70.87, 70.87, 47.24, 180],
		[50, "H1_3", 1265, -1735, "B", "DIP", "5V", "", "C", 70.87, 70.87, 47.24, 180],
		[51, "H2_1", 635, -2085, "T", "DIP", "3V3SCHEDA", "", "R", 62, 70.87, 47.24, 180],
		[52, "H2_1", 635, -2085, "B", "DIP", "3V3SCHEDA", "", "R", 62, 70.87, 47.24, 180],
		[53, "H2_2", 535, -2085, "T", "DIP", "3V3", "", "C", 70.87, 70.87, 47.24, 180],
		[54, "H2_2", 535, -2085, "B", "DIP", "3V3", "", "C", 70.87, 70.87, 47.24, 180],
		[55, "H2_3", 435, -2085, "T", "DIP", "3V3REGOLATORE", "", "C", 70.87, 70.87, 47.24, 180],
		[56, "H2_3", 435, -2085, "B", "DIP", "3V3REGOLATORE", "", "C", 70.87, 70.87, 47.24, 180],
		[57, "H3_1", 716.14, -165, "T", "DIP", "GND", "GND", "R", 66.93, 66.93, 43.31, 0],
		[58, "H3_1", 716.14, -165, "B", "DIP", "GND", "GND", "R", 66.93, 66.93, 43.31, 0],
		[59, "H3_2", 816.14, -165, "T", "DIP", "5V", "", "C", 66.93, 66.93, 43.31, 0],
		[60, "H3_2", 816.14, -165, "B", "DIP", "5V", "", "C", 66.93, 66.93, 43.31, 0],
		[61, "H3_3", 916.14, -165, "T", "DIP", "IIC_SCL", "", "C", 66.93, 66.93, 43.31, 0],
		[62, "H3_3", 916.14, -165, "B", "DIP", "IIC_SCL", "", "C", 66.93, 66.93, 43.31, 0],
		[63, "H3_4", 1016.14, -165, "T", "DIP", "IIC_SDA", "", "C", 66.93, 66.93, 43.31, 0],
		[64, "H3_4", 1016.14, -165, "B", "DIP", "IIC_SDA", "", "C", 66.93, 66.93, 43.31, 0],
		[65, "H4_1", 716.14, -275.59, "T", "DIP", "GND", "GND", "R", 66.93, 66.93, 43.31, 0],
		[66, "H4_1", 716.14, -275.59, "B", "DIP", "GND", "GND", "R", 66.93, 66.93, 43.31, 0],
		[67, "H4_2", 816.14, -275.59, "T", "DIP", "5V", "", "C", 66.93, 66.93, 43.31, 0],
		[68, "H4_2", 816.14, -275.59, "B", "DIP", "5V", "", "C", 66.93, 66.93, 43.31, 0],
		[69, "H4_3", 916.14, -275.59, "T", "DIP", "IIC_SCL", "", "C", 66.93, 66.93, 43.31, 0],
		[70, "H4_3", 916.14, -275.59, "B", "DIP", "IIC_SCL", "", "C", 66.93, 66.93, 43.31, 0],
		[71, "H4_4", 1016.14, -275.59, "T", "DIP", "IIC_SDA", "", "C", 66.93, 66.93, 43.31, 0],
		[72, "H4_4", 1016.14, -275.59, "B", "DIP", "IIC_SDA", "", "C", 66.93, 66.93, 43.31, 0],
		[73, "H5_1", 1141.73, -1635.43, "T", "DIP", "GND", "GND", "R", 62, 62, 40.16, 90],
		[74, "H5_1", 1141.73, -1635.43, "B", "DIP", "GND", "GND", "R", 62, 62, 40.16, 90],
		[75, "H5_2", 1141.73, -1535.43, "T", "DIP", "3V3SCHEDA", "", "C", 62, 62, 40.16, 90],
		[76, "H5_2", 1141.73, -1535.43, "B", "DIP", "3V3SCHEDA", "", "C", 62, 62, 40.16, 90],
		[77, "H5_3", 1141.73, -1435.43, "T", "DIP", "5V", "", "C", 62, 62, 40.16, 90],
		[78, "H5_3", 1141.73, -1435.43, "B", "DIP", "5V", "", "C", 62, 62, 40.16, 90],
		[79, "J1_1", 2039.8, -1563.55, "T", "DIP", "TX_P", "", "R", 62.99, 62.99, 39.37, 0],
		[80, "J1_1", 2039.8, -1563.55, "B", "DIP", "TX_P", "", "R", 62.99, 62.99, 39.37, 0],
		[81, "J1_2", 2089.8, -1463.55, "T", "DIP", "TX_N", "", "C", 62.99, 62.99, 39.37, 0],
		[82, "J1_2", 2089.8, -1463.55, "B", "DIP", "TX_N", "", "C", 62.99, 62.99, 39.37, 0],
		[83, "J1_3", 2139.8, -1563.55, "T", "DIP", "RX_P", "", "C", 62.99, 62.99, 39.37, 0],
		[84, "J1_3", 2139.8, -1563.55, "B", "DIP", "RX_P", "", "C", 62.99, 62.99, 39.37, 0],
		[85, "J1_4", 2189.8, -1463.55, "T", "DIP", "+3.3VNET", "", "C", 62.99, 62.99, 39.37, 0],
		[86, "J1_4", 2189.8, -1463.55, "B", "DIP", "+3.3VNET", "", "C", 62.99, 62.99, 39.37, 0],
		[87, "J1_5", 2239.8, -1563.55, "T", "DIP", "+3.3VNET", "", "C", 62.99, 62.99, 39.37, 0],
		[88, "J1_5", 2239.8, -1563.55, "B", "DIP", "+3.3VNET", "", "C", 62.99, 62.99, 39.37, 0],
		[89, "J1_6", 2289.8, -1463.55, "T", "DIP", "RX_N", "", "C", 62.99, 62.99, 39.37, 0],
		[90, "J1_6", 2289.8, -1463.55, "B", "DIP", "RX_N", "", "C", 62.99, 62.99, 39.37, 0],
		[91, "J1_7", 2339.8, -1563.55, "T", "DIP", "J1_7", "", "C", 62.99, 62.99, 39.37, 0],
		[92, "J1_7", 2339.8, -1563.55, "B", "DIP", "J1_7", "", "C", 62.99, 62.99, 39.37, 0],
		[93, "J1_8", 2389.8, -1463.55, "T", "DIP", "J1_8", "", "C", 62.99, 62.99, 39.37, 0],
		[94, "J1_8", 2389.8, -1463.55, "B", "DIP", "J1_8", "", "C", 62.99, 62.99, 39.37, 0],
		[95, "J1_9", 1954.17, -2006.45, "T", "DIP", "$3N27226", "", "C", 70.87, 70.87, 43.31, 0],
		[96, "J1_9", 1954.17, -2006.45, "B", "DIP", "$3N27226", "", "C", 70.87, 70.87, 43.31, 0],
		[97, "J1_10", 2054.17, -2006.45, "T", "DIP", "GND", "GND", "C", 70.87, 70.87, 43.31, 0],
		[98, "J1_10", 2054.17, -2006.45, "B", "DIP", "GND", "GND", "C", 70.87, 70.87, 43.31, 0],
		[99, "J1_11", 2375.83, -2006.45, "T", "DIP", "$3N27214", "", "C", 70.87, 70.87, 43.31, 0],
		[100, "J1_11", 2375.83, -2006.45, "B", "DIP", "$3N27214", "", "C", 70.87, 70.87, 43.31, 0],
		[101, "J1_12", 2475.83, -2006.45, "T", "DIP", "+3.3VNET", "", "C", 70.87, 70.87, 43.31, 0],
		[102, "J1_12", 2475.83, -2006.45, "B", "DIP", "+3.3VNET", "", "C", 70.87, 70.87, 43.31, 0],
		[103, "J1_SH1", 1910.08, -1693.46, "T", "DIP", "$3N27971", "", "C", 98.42, 98.42, 70.87, 0],
		[104, "J1_SH1", 1910.08, -1693.46, "B", "DIP", "$3N27971", "", "C", 98.42, 98.42, 70.87, 0],
		[105, "J1_SH2", 2519.92, -1693.46, "T", "DIP", "$3N27971", "", "C", 98.42, 98.42, 70.87, 0],
		[106, "J1_SH2", 2519.92, -1693.46, "B", "DIP", "$3N27971", "", "C", 98.42, 98.42, 70.87, 0],
		[107, "J2_1", 820, -1440, "T", "SMD", "IO6", "", "P", 40, 40, 0, 90],
		[108, "J2_2", 820, -1495, "T", "SMD", "TEMPERATURA", "", "P", 40, 40, 0, 90],
		[109, "J3_1", 900, -1440, "T", "SMD", "IO7", "", "P", 40, 40, 0, 90],
		[110, "J3_2", 900, -1495, "T", "SMD", "TEMPERATURA", "", "P", 40, 40, 0, 90],
		[111, "L1_1", 1791.96, -285, "T", "SMD", "3V3", "", "R", 44.59, 54.21, 0, 0],
		[112, "L1_2", 1868.04, -285, "T", "SMD", "+3.3VNET", "", "R", 44.59, 54.21, 0, 0],
		[113, "L2_1", 1822.7, -1470, "T", "SMD", "$3N27971", "", "R", 58.47, 68.03, 0, 180],
		[114, "L2_2", 1697.3, -1470, "T", "SMD", "GND", "GND", "R", 58.47, 68.03, 0, 180],
		[115, "Q1_1", 1257.6, -1004.37, "T", "SMD", "$3N30698", "", "R", 49.21, 27.56, 0, 270],
		[116, "Q1_2", 1332.4, -1004.37, "T", "SMD", "RTS", "", "R", 49.21, 27.56, 0, 270],
		[117, "Q1_3", 1295, -925.63, "T", "SMD", "EN", "", "R", 49.21, 27.56, 0, 270],
		[118, "Q2_1", 1392.6, -1004.37, "T", "SMD", "$3N30696", "", "R", 49.21, 27.56, 0, 270],
		[119, "Q2_2", 1467.4, -1004.37, "T", "SMD", "DTR", "", "R", 49.21, 27.56, 0, 270],
		[120, "Q2_3", 1430, -925.63, "T", "SMD", "IO0", "", "R", 49.21, 27.56, 0, 270],
		[121, "R1_1", 1695, -1823.22, "T", "SMD", "USBC_N", "", "R", 47.54, 66.97, 0, 90],
		[122, "R1_2", 1695, -1706.78, "T", "SMD", "DPP_N", "", "R", 47.54, 66.97, 0, 90],
		[123, "R2_1", 1600, -1823.22, "T", "SMD", "USBC_P", "", "R", 47.54, 66.97, 0, 90],
		[124, "R2_2", 1600, -1706.78, "T", "SMD", "DPP_P", "", "R", 47.54, 66.97, 0, 90],
		[125, "R3_1", 1545, -993.22, "T", "SMD", "DTR", "", "R", 47.54, 66.97, 0, 90],
		[126, "R3_2", 1545, -876.78, "T", "SMD", "$3N30698", "", "R", 47.54, 66.97, 0, 90],
		[127, "R4_1", 513.22, -460, "T", "SMD", "IIC_SCL", "", "R", 47.54, 66.97, 0, 180],
		[128, "R4_2", 396.78, -460, "T", "SMD", "3V3", "", "R", 47.54, 66.97, 0, 180],
		[129, "R5_1", 1301.78, -820, "T", "SMD", "RTS", "", "R", 47.54, 66.97, 0, 0],
		[130, "R5_2", 1418.22, -820, "T", "SMD", "$3N30696", "", "R", 47.54, 66.97, 0, 0],
		[131, "R6_1", 741.78, -480, "T", "SMD", "IIC_SDA", "", "R", 47.54, 66.97, 0, 0],
		[132, "R6_2", 858.22, -480, "T", "SMD", "3V3", "", "R", 47.54, 66.97, 0, 0],
		[133, "R7_1", 520, -1771.78, "T", "SMD", "3V3", "", "R", 47.54, 66.97, 0, 270],
		[134, "R7_2", 520, -1888.22, "T", "SMD", "$3N2879", "", "R", 47.54, 66.97, 0, 270],
		[135, "R8_1", 715, -1548.22, "T", "SMD", "GND", "GND", "R", 47.54, 66.97, 0, 90],
		[136, "R8_2", 715, -1431.78, "T", "SMD", "$3N29687", "", "R", 47.54, 66.97, 0, 90],
		[137, "R9_1", 1218.12, -564.9, "T", "SMD", "EN", "", "R", 47.54, 66.97, 0, 270],
		[138, "R9_2", 1218.12, -681.34, "T", "SMD", "3V3", "", "R", 47.54, 66.97, 0, 270],
		[139, "R10_1", 1216.38, -486.98, "T", "SMD", "EN", "", "R", 47.54, 66.97, 0, 90],
		[140, "R10_2", 1216.38, -370.54, "T", "SMD", "$3N31022", "", "R", 47.54, 66.97, 0, 90],
		[141, "R11_1", 1403.12, -564.9, "T", "SMD", "IO0", "", "R", 47.54, 66.97, 0, 270],
		[142, "R11_2", 1403.12, -681.34, "T", "SMD", "3V3", "", "R", 47.54, 66.97, 0, 270],
		[143, "R12_1", 1401.51, -486.98, "T", "SMD", "IO0", "", "R", 47.54, 66.97, 0, 90],
		[144, "R12_2", 1401.51, -370.54, "T", "SMD", "$3N31018", "", "R", 47.54, 66.97, 0, 90],
		[145, "R13_1", 2151.78, -570, "T", "SMD", "$3N27562", "", "R", 47.54, 66.97, 0, 0],
		[146, "R13_2", 2268.22, -570, "T", "SMD", "GND", "GND", "R", 47.54, 66.97, 0, 0],
		[147, "R14_1", 2560, -1008.22, "T", "SMD", "LED_LINK", "", "R", 47.54, 66.97, 0, 90],
		[148, "R14_2", 2560, -891.78, "T", "SMD", "GND", "GND", "R", 47.54, 66.97, 0, 90],
		[149, "R15_1", 2560, -1141.78, "T", "SMD", "LED_LINK", "", "R", 47.54, 66.97, 0, 270],
		[150, "R15_2", 2560, -1258.22, "T", "SMD", "$3N27226", "", "R", 47.54, 66.97, 0, 270],
		[151, "R16_1", 1700, -786.78, "T", "SMD", "RST_NET", "", "R", 47.54, 66.97, 0, 270],
		[152, "R16_2", 1700, -903.22, "T", "SMD", "+3.3VNET", "", "R", 47.54, 66.97, 0, 270],
		[153, "R17_1", 2465, -1141.78, "T", "SMD", "LED_ACT", "", "R", 47.54, 66.97, 0, 270],
		[154, "R17_2", 2465, -1258.22, "T", "SMD", "$3N27214", "", "R", 47.54, 66.97, 0, 270],
		[155, "R18_1", 881.78, -1790, "T", "SMD", "TEMPERATURA", "", "R", 47.54, 66.97, 0, 0],
		[156, "R18_2", 998.22, -1790, "T", "SMD", "3V3", "", "R", 47.54, 66.97, 0, 0],
		[157, "S1_1", 472.44, -196.85, "T", "DIP", "S1_1", "", "C", 137.8, 137.8, 118.11, 0],
		[158, "S1_1", 472.44, -196.85, "B", "DIP", "S1_1", "", "C", 137.8, 137.8, 118.11, 0],
		[159, "S2_1", 2440.94, -196.85, "T", "DIP", "S2_1", "", "C", 137.8, 137.8, 118.11, 0],
		[160, "S2_1", 2440.94, -196.85, "B", "DIP", "S2_1", "", "C", 137.8, 137.8, 118.11, 0],
		[161, "S3_1", 1377.95, -1535.43, "T", "DIP", "S3_1", "", "C", 137.8, 137.8, 118.11, 0],
		[162, "S3_1", 1377.95, -1535.43, "B", "DIP", "S3_1", "", "C", 137.8, 137.8, 118.11, 0],
		[163, "U1_1", 1230, -1328.09, "T", "SMD", "GND", "GND", "O", 22.05, 68.7, 0, 0],
		[164, "U1_2", 1280, -1328.09, "T", "SMD", "U0R", "", "O", 22.05, 68.7, 0, 0],
		[165, "U1_3", 1330, -1328.09, "T", "SMD", "U0T", "", "O", 22.05, 68.7, 0, 0],
		[166, "U1_4", 1380, -1328.09, "T", "SMD", "3V3", "", "O", 22.05, 68.7, 0, 0],
		[167, "U1_5", 1430, -1328.09, "T", "SMD", "DPP_P", "", "O", 22.05, 68.7, 0, 0],
		[168, "U1_6", 1480, -1328.09, "T", "SMD", "DPP_N", "", "O", 22.05, 68.7, 0, 0],
		[169, "U1_7", 1530, -1328.09, "T", "SMD", "U1_7", "", "O", 22.05, 68.7, 0, 0],
		[170, "U1_8", 1580, -1328.09, "T", "SMD", "U1_8", "", "O", 22.05, 68.7, 0, 0],
		[171, "U1_9", 1580, -1101.91, "T", "SMD", "U1_9", "", "O", 22.05, 68.7, 0, 0],
		[172, "U1_10", 1530, -1101.91, "T", "SMD", "U1_10", "", "O", 22.05, 68.7, 0, 0],
		[173, "U1_11", 1480, -1101.91, "T", "SMD", "U1_11", "", "O", 22.05, 68.7, 0, 0],
		[174, "U1_12", 1430, -1101.91, "T", "SMD", "U1_12", "", "O", 22.05, 68.7, 0, 0],
		[175, "U1_13", 1380, -1101.91, "T", "SMD", "DTR", "", "O", 22.05, 68.7, 0, 0],
		[176, "U1_14", 1330, -1101.91, "T", "SMD", "RTS", "", "O", 22.05, 68.7, 0, 0],
		[177, "U1_15", 1280, -1101.91, "T", "SMD", "U1_15", "", "O", 22.05, 68.7, 0, 0],
		[178, "U1_16", 1230, -1101.91, "T", "SMD", "3V3", "", "O", 22.05, 68.7, 0, 0],
		[179, "U2_1", 65.32, -1309.65, "T", "SMD", "GND", "GND", "R", 78.74, 35.43, 0, 90],
		[180, "U2_2", 115.31, -1309.65, "T", "SMD", "3V3", "", "R", 78.74, 35.43, 0, 90],
		[181, "U2_3", 165.31, -1309.65, "T", "SMD", "EN", "", "R", 78.74, 35.43, 0, 90],
		[182, "U2_4", 215.31, -1309.65, "T", "SMD", "U2_4", "", "R", 78.74, 35.43, 0, 90],
		[183, "U2_5", 265.31, -1309.65, "T", "SMD", "U2_5", "", "R", 78.74, 35.43, 0, 90],
		[184, "U2_6", 315.31, -1309.65, "T", "SMD", "U2_6", "", "R", 78.74, 35.43, 0, 90],
		[185, "U2_7", 365.31, -1309.65, "T", "SMD", "U2_7", "", "R", 78.74, 35.43, 0, 90],
		[186, "U2_8", 415.31, -1309.65, "T", "SMD", "U2_8", "", "R", 78.74, 35.43, 0, 90],
		[187, "U2_9", 465.31, -1309.65, "T", "SMD", "U2_9", "", "R", 78.74, 35.43, 0, 90],
		[188, "U2_10", 515.31, -1309.65, "T", "SMD", "EMAC_RXD0", "", "R", 78.74, 35.43, 0, 90],
		[189, "U2_11", 565.31, -1309.65, "T", "SMD", "EMAC_RXD1", "", "R", 78.74, 35.43, 0, 90],
		[190, "U2_12", 615.31, -1309.65, "T", "SMD", "EMAC_RX_DV", "", "R", 78.74, 35.43, 0, 90],
		[191, "U2_13", 665.31, -1309.65, "T", "SMD", "IO6", "", "R", 78.74, 35.43, 0, 90],
		[192, "U2_14", 715.31, -1309.65, "T", "SMD", "$3N29687", "", "R", 78.74, 35.43, 0, 90],
		[193, "U2_15", 754.69, -1200, "T", "SMD", "GND", "GND", "R", 35.43, 78.74, 0, 90],
		[194, "U2_16", 754.69, -1150, "T", "SMD", "IO7", "", "R", 35.43, 78.74, 0, 90],
		[195, "U2_17", 754.69, -1100, "T", "SMD", "U2_17", "", "R", 35.43, 78.74, 0, 90],
		[196, "U2_18", 754.69, -1050, "T", "SMD", "U2_18", "", "R", 35.43, 78.74, 0, 90],
		[197, "U2_19", 754.69, -1000, "T", "SMD", "U2_19", "", "R", 35.43, 78.74, 0, 90],
		[198, "U2_20", 754.69, -950, "T", "SMD", "U2_20", "", "R", 35.43, 78.74, 0, 90],
		[199, "U2_21", 754.69, -900, "T", "SMD", "U2_21", "", "R", 35.43, 78.74, 0, 90],
		[200, "U2_22", 754.69, -850, "T", "SMD", "U2_22", "", "R", 35.43, 78.74, 0, 90],
		[201, "U2_23", 754.69, -800, "T", "SMD", "U2_23", "", "R", 35.43, 78.74, 0, 90],
		[202, "U2_24", 754.69, -750, "T", "SMD", "U2_24", "", "R", 35.43, 78.74, 0, 90],
		[203, "U2_25", 715.32, -640.35, "T", "SMD", "IO0", "", "R", 78.74, 35.43, 0, 270],
		[204, "U2_26", 665.32, -640.35, "T", "SMD", "IIC_SDA", "", "R", 78.74, 35.43, 0, 270],
		[205, "U2_27", 615.32, -640.35, "T", "SMD", "U2_27", "", "R", 78.74, 35.43, 0, 270],
		[206, "U2_28", 565.32, -640.35, "T", "SMD", "CLK_NET", "", "R", 78.74, 35.43, 0, 270],
		[207, "U2_29", 515.32, -640.35, "T", "SMD", "IIC_SCL", "", "R", 78.74, 35.43, 0, 270],
		[208, "U2_30", 465.31, -640.35, "T", "SMD", "EMAC_MDIO", "", "R", 78.74, 35.43, 0, 270],
		[209, "U2_31", 415.31, -640.35, "T", "SMD", "EMAC_TXD0", "", "R", 78.74, 35.43, 0, 270],
		[210, "U2_32", 365.31, -640.35, "T", "SMD", "U2_32", "", "R", 78.74, 35.43, 0, 270],
		[211, "U2_33", 315.31, -640.35, "T", "SMD", "EMAC_TX_EN", "", "R", 78.74, 35.43, 0, 270],
		[212, "U2_34", 265.31, -640.35, "T", "SMD", "U0R", "", "R", 78.74, 35.43, 0, 270],
		[213, "U2_35", 215.32, -640.35, "T", "SMD", "U0T", "", "R", 78.74, 35.43, 0, 270],
		[214, "U2_36", 165.32, -640.35, "T", "SMD", "EMAC_TXD1", "", "R", 78.74, 35.43, 0, 270],
		[215, "U2_37", 115.32, -640.35, "T", "SMD", "EMAC_MDC", "", "R", 78.74, 35.43, 0, 270],
		[216, "U2_38", 65.31, -640.35, "T", "SMD", "GND", "GND", "R", 78.74, 35.43, 0, 270],
		[217, "U2_39", 360.59, -1014.37, "T", "SMD", "GND", "GND", "R", 52.36, 52.36, 0, 180],
		[218, "U2_39", 360.59, -1086.61, "T", "SMD", "GND", "GND", "R", 52.36, 52.36, 0, 180],
		[219, "U2_39", 360.59, -942.13, "T", "SMD", "GND", "GND", "R", 52.36, 52.36, 0, 180],
		[220, "U2_39", 288.34, -942.13, "T", "SMD", "GND", "GND", "R", 52.36, 52.36, 0, 180],
		[221, "U2_39", 288.34, -1014.37, "T", "SMD", "GND", "GND", "R", 52.36, 52.36, 0, 180],
		[222, "U2_39", 288.34, -1086.61, "T", "SMD", "GND", "GND", "R", 52.36, 52.36, 0, 180],
		[223, "U2_39", 432.83, -1086.61, "T", "SMD", "GND", "GND", "R", 52.36, 52.36, 0, 180],
		[224, "U2_39", 432.83, -1014.37, "T", "SMD", "GND", "GND", "R", 52.36, 52.36, 0, 180],
		[225, "U2_39", 432.84, -942.13, "T", "SMD", "GND", "GND", "R", 52.36, 52.36, 0, 180],
		[226, "U3_1", 89.45, -1946.61, "T", "SMD", "GND", "GND", "R", 97.24, 38.58, 0, 270],
		[227, "U3_2", 180, -1946.61, "T", "SMD", "3V3REGOLATORE", "", "R", 97.24, 38.58, 0, 270],
		[228, "U3_3", 270.55, -1946.61, "T", "SMD", "5VUSB", "", "R", 97.24, 38.58, 0, 270],
		[229, "U3_4", 180, -1723.39, "T", "SMD", "3V3REGOLATORE", "", "R", 97.24, 141.73, 0, 270],
		[230, "U4_1", 2290, -1093.22, "T", "SMD", "RX_P", "", "R", 47.54, 66.97, 0, 90],
		[231, "U4_2", 2290, -976.78, "T", "SMD", "+3.3VNET", "", "R", 47.54, 66.97, 0, 90],
		[232, "U5_1", 2195, -1106.78, "T", "SMD", "RX_N", "", "R", 47.54, 66.97, 0, 270],
		[233, "U5_2", 2195, -1223.22, "T", "SMD", "+3.3VNET", "", "R", 47.54, 66.97, 0, 270],
		[234, "U6_1", 2100, -1106.78, "T", "SMD", "TX_P", "", "R", 47.54, 66.97, 0, 270],
		[235, "U6_2", 2100, -1223.22, "T", "SMD", "+3.3VNET", "", "R", 47.54, 66.97, 0, 270],
		[236, "U7_1", 2005, -1093.22, "T", "SMD", "TX_N", "", "R", 47.54, 66.97, 0, 90],
		[237, "U7_2", 2005, -976.78, "T", "SMD", "+3.3VNET", "", "R", 47.54, 66.97, 0, 90],
		[238, "U8_1", 2029.21, -591.26, "T", "SMD", "+3.3VNET", "", "R", 31.5, 11.02, 0, 270],
		[239, "U8_2", 2009.53, -591.26, "T", "SMD", "LED_ACT", "", "R", 31.5, 11.02, 0, 270],
		[240, "U8_3", 1989.84, -591.26, "T", "SMD", "LED_LINK", "", "R", 31.5, 11.02, 0, 270],
		[241, "U8_4", 1970.16, -591.26, "T", "SMD", "U8_4", "", "R", 31.5, 11.02, 0, 270],
		[242, "U8_5", 1950.47, -591.26, "T", "SMD", "CLK_NET", "", "R", 31.5, 11.02, 0, 270],
		[243, "U8_6", 1930.79, -591.26, "T", "SMD", "$3N27371", "", "R", 31.5, 11.02, 0, 270],
		[244, "U8_7", 1901.26, -620.79, "T", "SMD", "EMAC_RXD1", "", "R", 11.02, 31.5, 0, 270],
		[245, "U8_8", 1901.26, -640.47, "T", "SMD", "EMAC_RXD0", "", "R", 11.02, 31.5, 0, 270],
		[246, "U8_9", 1901.26, -660.16, "T", "SMD", "+3.3VNET", "", "R", 11.02, 31.5, 0, 270],
		[247, "U8_10", 1901.26, -679.84, "T", "SMD", "U8_10", "", "R", 11.02, 31.5, 0, 270],
		[248, "U8_11", 1901.26, -699.53, "T", "SMD", "EMAC_RX_DV", "", "R", 11.02, 31.5, 0, 270],
		[249, "U8_12", 1901.26, -719.21, "T", "SMD", "EMAC_MDIO", "", "R", 11.02, 31.5, 0, 270],
		[250, "U8_13", 1930.79, -748.74, "T", "SMD", "EMAC_MDC", "", "R", 31.5, 11.02, 0, 270],
		[251, "U8_14", 1950.47, -748.74, "T", "SMD", "U8_14", "", "R", 31.5, 11.02, 0, 270],
		[252, "U8_15", 1970.16, -748.74, "T", "SMD", "RST_NET", "", "R", 31.5, 11.02, 0, 270],
		[253, "U8_16", 1989.84, -748.74, "T", "SMD", "EMAC_TX_EN", "", "R", 31.5, 11.02, 0, 270],
		[254, "U8_17", 2009.53, -748.74, "T", "SMD", "EMAC_TXD0", "", "R", 31.5, 11.02, 0, 270],
		[255, "U8_18", 2029.22, -748.74, "T", "SMD", "EMAC_TXD1", "", "R", 31.5, 11.02, 0, 270],
		[256, "U8_19", 2058.74, -719.21, "T", "SMD", "+3.3VNET", "", "R", 11.02, 31.5, 0, 270],
		[257, "U8_20", 2058.74, -699.53, "T", "SMD", "TX_N", "", "R", 11.02, 31.5, 0, 270],
		[258, "U8_21", 2058.74, -679.84, "T", "SMD", "TX_P", "", "R", 11.02, 31.5, 0, 270],
		[259, "U8_22", 2058.74, -660.16, "T", "SMD", "RX_N", "", "R", 11.02, 31.5, 0, 270],
		[260, "U8_23", 2058.74, -640.47, "T", "SMD", "RX_P", "", "R", 11.02, 31.5, 0, 270],
		[261, "U8_24", 2058.74, -620.79, "T", "SMD", "$3N27562", "", "R", 11.02, 31.5, 0, 270],
		[262, "U8_25", 1979.51, -669.99, "T", "SMD", "GND", "GND", "R", 98.42, 98.42, 0, 270],
		[263, "USB1_1", 1529.01, -1928.62, "T", "SMD", "GND", "GND", "R", 21.65, 59.06, 0, 0],
		[264, "USB1_2", 1560.52, -1928.62, "T", "SMD", "VBUS", "", "R", 21.65, 59.06, 0, 0],
		[265, "USB1_3", 1586.11, -1928.62, "T", "SMD", "USB1_3", "", "R", 11.81, 55.12, 0, 0],
		[266, "USB1_4", 1605.8, -1928.62, "T", "SMD", "USB1_4", "", "R", 11.81, 55.12, 0, 0],
		[267, "USB1_5", 1625.48, -1928.62, "T", "SMD", "USBC_N", "", "R", 11.81, 55.12, 0, 0],
		[268, "USB1_6", 1645.15, -1928.62, "T", "SMD", "USBC_P", "", "R", 11.81, 55.12, 0, 0],
		[269, "USB1_7", 1664.85, -1928.62, "T", "SMD", "USBC_N", "", "R", 11.81, 55.12, 0, 0],
		[270, "USB1_8", 1684.52, -1928.62, "T", "SMD", "USBC_P", "", "R", 11.81, 55.12, 0, 0],
		[271, "USB1_9", 1704.22, -1928.62, "T", "SMD", "USB1_9", "", "R", 11.81, 55.12, 0, 0],
		[272, "USB1_10", 1723.9, -1928.62, "T", "SMD", "USB1_10", "", "R", 11.81, 55.12, 0, 0],
		[273, "USB1_11", 1749.49, -1928.62, "T", "SMD", "VBUS", "", "R", 21.65, 55.12, 0, 0],
		[274, "USB1_12", 1780.99, -1928.62, "T", "SMD", "GND", "GND", "R", 21.65, 55.12, 0, 0],
		[275, "USB1_13", 1484.72, -1958.14, "T", "DIP", "USB1_13", "", "O", 43.31, 78.74, 59.05, 0],
		[276, "USB1_13", 1484.72, -1958.14, "B", "DIP", "USB1_13", "", "O", 43.31, 78.74, 59.05, 0],
		[277, "USB1_13", 1484.72, -2123.51, "T", "DIP", "USB1_A_13", "", "O", 47.24, 70.87, 47.24, 0],
		[278, "USB1_13", 1484.72, -2123.51, "B", "DIP", "USB1_A_13", "", "O", 47.24, 70.87, 47.24, 0],
		[279, "USB1_14", 1825.28, -1958.14, "T", "DIP", "USB1_14", "", "O", 43.31, 78.74, 59.06, 0],
		[280, "USB1_14", 1825.28, -1958.14, "B", "DIP", "USB1_14", "", "O", 43.31, 78.74, 59.06, 0],
		[281, "USB1_14", 1825.28, -2123.51, "T", "DIP", "USB1_A_14", "", "O", 47.24, 70.87, 47.24, 0],
		[282, "USB1_14", 1825.28, -2123.51, "B", "DIP", "USB1_A_14", "", "O", 47.24, 70.87, 47.24, 0]
	]
}
}