{
"lengthUnit": "mil",
"components": {
	"fields": ["COMPONENT_NO", "COMPONENT_NAME", "LAYER", "X_COORDINATE", "Y_COORDINATE", "ANGLE"],
	"rows": [
		[1, "((3v3))", "T", 957.9, -1563.94, 180],
		[2, "((5V))", "T", 815, -1260, 180],
		[3, "A0", "T", 2143.03, -1268.46, 0],
		[4, "A1", "T", 2143.03, -1388.46, 0],
		[5, "A2", "T", 2143.03, -1503.46, 0],
		[6, "C2", "T", 1400.72, -460.58, 0],
		[7, "C3", "T", 1655, -815, 90],
		[8, "C10", "T", 922.9, -1323.94, 90],
		[9, "C11", "T", 2423.03, -1673.46, 0],
		[10, "C34", "T", 1465, -190, 90],
		[11, "C35", "T", 1850, -795, 270],
		[12, "C36", "T", 1410, -1399.6, 180],
		[13, "CN11", "T", 1645, -3100, 0],
		[14, "CN13", "T", 235, -3095, 0],
		[15, "CN15", "T", 745, -3095, 0],
		[16, "D1", "T", 1100, -2725, 90],
		[17, "D2", "T", 1350, -2725, 90],
		[18, "D3", "T", 1600, -2725, 90],
		[19, "D4", "T", 1850.2, -2726.3, 90],
		[20, "D5", "T", 2095, -2725, 90],
		[21, "D6", "T", 2340, -2725, 90],
		[22, "D9", "T", 685, -425, 90],
		[23, "D12", "T", 1660, -270, 90],
		[24, "F2", "T", 205, -2535, 270],
		[25, "F3", "T", 205, -1895, 90],
		[26, "H1", "T", 866.14, -846.46, 0],
		[27, "H2", "T", 1141.73, -2106.3, 90],
		[28, "H3", "T", 2270, -1120, 180],
		[29, "H4", "T", 1175, -1635, 180],
		[30, "L2", "T", 2035, -305, 270],
		[31, "R22", "T", 2400, -2250, 180],
		[32, "R23", "T", 2155, -2250, 180],
		[33, "R24", "T", 1910, -2250, 180],
		[34, "R25", "T", 1660, -2245, 180],
		[35, "R26", "T", 1607.5, -1947.5, 90],
		[36, "R27", "T", 1402.5, -1822.5, 90],
		[37, "R28", "T", 1497.5, -1822.5, 270],
		[38, "R29", "T", 1702.5, -1947.5, 270],
		[39, "R30", "T", 1658.28, -2151.36, 0],
		[40, "R31", "T", 1910, -2155, 0],
		[41, "R32", "T", 2155, -2155, 0],
		[42, "R33", "T", 2400, -2155, 0],
		[43, "R42", "T", 2334.85, -1270.1, 0],
		[44, "R43", "T", 2333.03, -1388.46, 0],
		[45, "R44", "T", 2333.03, -1503.46, 0],
		[46, "S1", "T", 196.85, -196.85, 0],
		[47, "S2", "T", 2440.94, -196.85, 0],
		[48, "S3", "T", 196.85, -2834.65, 0],
		[49, "S4", "T", 2440.94, -3188.98, 0],
		[50, "SP1", "B", 1100, -2725, 0],
		[51, "SP2", "B", 1350, -2730, 0],
		[52, "SP3", "B", 1600, -2725, 0],
		[53, "SP4", "B", 1850, -2725, 0],
		[54, "SP5", "B", 2095, -2725, 0],
		[55, "SP6", "B", 2340, -2725, 0],
		[56, "SP7", "B", 685, -430, 0],
		[57, "U17", "T", 1390.72, -720.58, 180],
		[58, "U18", "T", 1040, -450, 270],
		[59, "U19", "T", 1142.9, -1373.94, 90],
		[60, "U20", "T", 1160, -2455, 270],
		[61, "U21", "T", 1410, -2455, 270],
		[62, "U22", "T", 1660, -2455, 270],
		[63, "U23", "T", 1910, -2450, 270],
		[64, "U24", "T", 2155, -2450, 270],
		[65, "U25", "T", 2400, -2450, 270],
		[66, "U26", "T", 2248.03, -1848.46, 270],
		[67, "U27", "T", 472.44, -767.72, 0],
		[68, "U28", "T", 2440.94, -767.72, 0],
		[69, "U29", "T", 1377.95, -2106.3, 0]
	]
},
"pins": {
	"fields": ["PIN_NO", "PIN_NAME", "PIN_X", "PIN_Y", "LAYER", "PIN_TYPE", "NET_NAME", "NET_TYPE", "PAD_SHAPE", "PAD_SIZEX", "PAD_SIZEY", "HOLE_SIZE", "PAD_ANGLE"],
	"rows": [
		[1, "((3v3))_1", 957.9, -1563.94, "T", "SMD", "3V3", "", "C", 47.24, 47.24, 0, 180],
		[2, "((5V))_1", 815, -1260, "T", "SMD", "5V", "", "C", 47.24, 47.24, 0, 180],
		[3, "A0_1", 2091.85, -1268.46, "T", "SMD", "GND", "GND", "R", 39.37, 19.68, 0, 0],
		[4, "A0_2", 2143.03, -1268.46, "T", "SMD", "$2N36434", "", "R", 39.37, 59.05, 0, 0],
		[5, "A0_3", 2194.22, -1268.46, "T", "SMD", "$2N36514", "", "R", 39.37, 19.68, 0, 0],
		[6, "A1_1", 2091.85, -1388.46, "T", "SMD", "GND", "GND", "R", 39.37, 19.68, 0, 0],
		[7, "A1_2", 2143.03, -1388.46, "T", "SMD", "$2N36429", "", "R", 39.37, 59.05, 0, 0],
		[8, "A1_3", 2194.22, -1388.46, "T", "SMD", "$2N36486", "", "R", 39.37, 19.68, 0, 0],
		[9, "A2_1", 2091.85, -1503.46, "T", "SMD", "GND", "GND", "R", 39.37, 19.68, 0, 0],
		[10, "A2_2", 2143.03, -1503.46, "T", "SMD", "$2N36416", "", "R", 39.37, 59.05, 0, 0],
		[11, "A2_3", 2194.22, -1503.46, "T", "SMD", "$2N36512", "", "R", 39.37, 19.68, 0, 0],
		[12, "C2_1", 1338.02, -460.58, "T", "SMD", "GND", "GND", "R", 58.47, 68.03, 0, 0],
		[13, "C2_2", 1463.42, -460.58, "T", "SMD", "$2N11876", "", "R", 58.47, 68.03, 0, 0],
		[14, "C3_1", 1655, -877.7, "T", "SMD", "GND", "GND", "R", 58.47, 68.03, 0, 90],
		[15, "C3_2", 1655, -752.3, "T", "SMD", "5V", "", "R", 58.47, 68.03, 0, 90],
		[16, "C10_1", 922.9, -1386.64, "T", "SMD", "GND", "GND", "R", 58.47, 68.03, 0, 90],
		[17, "C10_2", 922.9, -1261.24, "T", "SMD", "5V", "", "R", 58.47, 68.03, 0, 90],
		[18, "C11_1", 2360.33, -1673.46, "T", "SMD", "ALIMENTAZIONE", "", "R", 58.47, 68.03, 0, 0],
		[19, "C11_2", 2485.73, -1673.46, "T", "SMD", "GND", "GND", "R", 58.47, 68.03, 0, 0],
		[20, "C34_1", 1465, -229.37, "T", "DIP", "$2N11876", "", "C", 51.18, 51.18, 31.5, 90],
		[21, "C34_1", 1465, -229.37, "B", "DIP", "$2N11876", "", "C", 51.18, 51.18, 31.5, 90],
		[22, "C34_2", 1465, -150.63, "T", "DIP", "GND", "GND", "C", 51.18, 51.18, 31.5, 90],
		[23, "C34_2", 1465, -150.63, "B", "DIP", "GND", "GND", "C", 51.18, 51.18, 31.5, 90],
		[24, "C35_1", 1850, -755.63, "T", "DIP", "5V", "", "C", 51.18, 51.18, 31.5, 270],
		[25, "C35_1", 1850, -755.63, "B", "DIP", "5V", "", "C", 51.18, 51.18, 31.5, 270],
		[26, "C35_2", 1850, -834.37, "T", "DIP", "GND", "GND", "C", 51.18, 51.18, 31.5, 270],
		[27, "C35_2", 1850, -834.37, "B", "DIP", "GND", "GND", "C", 51.18, 51.18, 31.5, 270],
		[28, "C36_1", 1449.37, -1399.6, "T", "DIP", "3V3", "", "C", 51.18, 51.18, 31.5, 180],
		[29, "C36_1", 1449.37, -1399.6, "B", "DIP", "3V3", "", "C", 51.18, 51.18, 31.5, 180],
		[30, "C36_2", 1370.63, -1399.6, "T", "DIP", "GND", "GND", "C", 51.18, 51.18, 31.5, 180],
		[31, "C36_2", 1370.63, -1399.6, "B", "DIP", "GND", "GND", "C", 51.18, 51.18, 31.5, 180],
		[32, "CN11_1", 1145, -3100, "T", "DIP", "VALVOLA1", "", "C", 118.11, 118.11, 66.93, 0],
		[33, "CN11_1", 1145, -3100, "B", "DIP", "VALVOLA1", "", "C", 118.11, 118.11, 66.93, 0],
		[34, "CN11_2", 1341.8, -3100, "T", "DIP", "VALVOLA2", "", "C", 118.11, 118.11, 66.93, 0],
		[35, "CN11_2", 1341.8, -3100, "B", "DIP", "VALVOLA2", "", "C", 118.11, 118.11, 66.93, 0],
		[36, "CN11_3", 1545, -3100, "T", "DIP", "VALVOLA3", "", "C", 118.11, 118.11, 66.93, 0],
		[37, "CN11_3", 1545, -3100, "B", "DIP", "VALVOLA3", "", "C", 118.11, 118.11, 66.93, 0],
		[38, "CN11_4", 1745, -3100, "T", "DIP", "VALVOLA4", "", "C", 118.11, 118.11, 66.93, 0],
		[39, "CN11_4", 1745, -3100, "B", "DIP", "VALVOLA4", "", "C", 118.11, 118.11, 66.93, 0],
		[40, "CN11_5", 1945, -3100, "T", "DIP", "VALVOLA5", "", "C", 118.11, 118.11, 66.93, 0],
		[41, "CN11_5", 1945, -3100, "B", "DIP", "VALVOLA5", "", "C", 118.11, 118.11, 66.93, 0],
		[42, "CN11_6", 2145, -3100, "T", "DIP", "VALVOLA6", "", "C", 118.11, 118.11, 66.93, 0],
		[43, "CN11_6", 2145, -3100, "B", "DIP", "VALVOLA6", "", "C", 118.11, 118.11, 66.93, 0],
		[44, "CN13_1", 135, -3095, "T", "DIP", "GND", "GND", "R", 118.11, 118.11, 66.93, 0],
		[45, "CN13_1", 135, -3095, "B", "DIP", "GND", "GND", "R", 118.11, 118.11, 66.93, 0],
		[46, "CN13_2", 335, -3095, "T", "DIP", "$2N11870", "", "C", 118.11, 118.11, 66.93, 0],
		[47, "CN13_2", 335, -3095, "B", "DIP", "$2N11870", "", "C", 118.11, 118.11, 66.93, 0],
		[48, "CN15_1", 645, -3095, "T", "DIP", "COM", "", "R", 118.11, 118.11, 66.93, 0],
		[49, "CN15_1", 645, -3095, "B", "DIP", "COM", "", "R", 118.11, 118.11, 66.93, 0],
		[50, "CN15_2", 845, -3095, "T", "DIP", "COM", "", "C", 118.11, 118.11, 66.93, 0],
		[51, "CN15_2", 845, -3095, "B", "DIP", "COM", "", "C", 118.11, 118.11, 66.93, 0],
		[52, "D1_1", 1100, -2817.11, "T", "SMD", "VALVOLA1", "", "R", 79.69, 113.54, 0, 90],
		[53, "D1_2", 1100, -2632.89, "T", "SMD", "GND", "GND", "R", 79.69, 113.54, 0, 90],
		[54, "D2_1", 1350, -2817.11, "T", "SMD", "VALVOLA2", "", "R", 79.69, 113.54, 0, 90],
		[55, "D2_2", 1350, -2632.89, "T", "SMD", "GND", "GND", "R", 79.69, 113.54, 0, 90],
		[56, "D3_1", 1600, -2817.11, "T", "SMD", "VALVOLA3", "", "R", 79.69, 113.54, 0, 90],
		[57, "D3_2", 1600, -2632.89, "T", "SMD", "GND", "GND", "R", 79.69, 113.54, 0, 90],
		[58, "D4_1", 1850.2, -2818.41, "T", "SMD", "VALVOLA4", "", "R", 79.69, 113.54, 0, 90],
		[59, "D4_2", 1850.2, -2634.19, "T", "SMD", "GND", "GND", "R", 79.69, 113.54, 0, 90],
		[60, "D5_1", 2095, -2817.11, "T", "SMD", "VALVOLA5", "", "R", 79.69, 113.54, 0, 90],
		[61, "D5_2", 2095, -2632.89, "T", "SMD", "GND", "GND", "R", 79.69, 113.54, 0, 90],
		[62, "D6_1", 2340, -2817.11, "T", "SMD", "VALVOLA6", "", "R", 79.69, 113.54, 0, 90],
		[63, "D6_2", 2340, -2632.89, "T", "SMD", "GND", "GND", "R", 79.69, 113.54, 0, 90],
		[64, "D9_1", 685, -517.11, "T", "SMD", "GND", "GND", "R", 79.69, 113.54, 0, 90],
		[65, "D9_2", 685, -332.89, "T", "SMD", "COM", "", "R", 79.69, 113.54, 0, 90],
		[66, "D12_1", 1660, -352.68, "T", "SMD", "$2N11875", "", "R", 78.74, 62.72, 0, 270],
		[67, "D12_2", 1660, -187.32, "T", "SMD", "GND", "GND", "R", 78.74, 62.72, 0, 270],
		[68, "F2_1", 205, -2433.62, "T", "DIP", "$2N11870", "", "O", 94.49, 39.37, 70.86, 0],
		[69, "F2_1", 205, -2433.62, "B", "DIP", "$2N11870", "", "O", 94.49, 39.37, 70.86, 0],
		[70, "F2_1", 205, -2636.38, "T", "DIP", "$2N11870", "", "O", 94.49, 39.37, 70.82, 0],
		[71, "F2_1", 205, -2636.38, "B", "DIP", "$2N11870", "", "O", 94.49, 39.37, 70.82, 0],
		[72, "F3_1", 205, -1996.38, "T", "DIP", "COM", "", "O", 94.49, 39.37, 70.86, 180],
		[73, "F3_1", 205, -1996.38, "B", "DIP", "COM", "", "O", 94.49, 39.37, 70.86, 180],
		[74, "F3_1", 205, -1793.62, "T", "DIP", "COM", "", "O", 94.49, 39.37, 70.82, 180],
		[75, "F3_1", 205, -1793.62, "B", "DIP", "COM", "", "O", 94.49, 39.37, 70.82, 180],
		[76, "H1_1", 716.14, -846.46, "T", "DIP", "GND", "GND", "R", 66.93, 66.93, 43.31, 0],
		[77, "H1_1", 716.14, -846.46, "B", "DIP", "GND", "GND", "R", 66.93, 66.93, 43.31, 0],
		[78, "H1_2", 816.14, -846.46, "T", "DIP", "5V", "", "C", 66.93, 66.93, 43.31, 0],
		[79, "H1_2", 816.14, -846.46, "B", "DIP", "5V", "", "C", 66.93, 66.93, 43.31, 0],
		[80, "H1_3", 916.14, -846.46, "T", "DIP", "IIC_SCL", "", "C", 66.93, 66.93, 43.31, 0],
		[81, "H1_3", 916.14, -846.46, "B", "DIP", "IIC_SCL", "", "C", 66.93, 66.93, 43.31, 0],
		[82, "H1_4", 1016.14, -846.46, "T", "DIP", "IIC_SDA", "", "C", 66.93, 66.93, 43.31, 0],
		[83, "H1_4", 1016.14, -846.46, "B", "DIP", "IIC_SDA", "", "C", 66.93, 66.93, 43.31, 0],
		[84, "H2_1", 1141.73, -2206.3, "T", "DIP", "GND", "GND", "R", 62, 62, 40.16, 90],
		[85, "H2_1", 1141.73, -2206.3, "B", "DIP", "GND", "GND", "R", 62, 62, 40.16, 90],
		[86, "H2_2", 1141.73, -2106.3, "T", "DIP", "3V3SCHEDINA", "", "C", 62, 62, 40.16, 90],
		[87, "H2_2", 1141.73, -2106.3, "B", "DIP", "3V3SCHEDINA", "", "C", 62, 62, 40.16, 90],
		[88, "H2_3", 1141.73, -2006.3, "T", "DIP", "5V", "", "C", 62, 62, 40.16, 90],
		[89, "H2_3", 1141.73, -2006.3, "B", "DIP", "5V", "", "C", 62, 62, 40.16, 90],
		[90, "H3_1", 2370, -1120, "T", "DIP", "5V", "", "R", 66.93, 66.93, 43.31, 180],
		[91, "H3_1", 2370, -1120, "B", "DIP", "5V", "", "R", 66.93, 66.93, 43.31, 180],
		[92, "H3_2", 2270, -1120, "T", "DIP", "ALIMENTAZIONE", "", "C", 66.93, 66.93, 43.31, 180],
		[93, "H3_2", 2270, -1120, "B", "DIP", "ALIMENTAZIONE", "", "C", 66.93, 66.93, 43.31, 180],
		[94, "H3_3", 2170, -1120, "T", "DIP", "3V3", "", "C", 66.93, 66.93, 43.31, 180],
		[95, "H3_3", 2170, -1120, "B", "DIP", "3V3", "", "C", 66.93, 66.93, 43.31, 180],
		[96, "H4_1", 1275, -1635, "T", "DIP", "H4_1", "", "R", 66.93, 66.93, 43.31, 180],
		[97, "H4_1", 1275, -1635, "B", "DIP", "H4_1", "", "R", 66.93, 66.93, 43.31, 180],
		[98, "H4_2", 1175, -1635, "T", "DIP", "3V3SCHEDINA", "", "C", 66.93, 66.93, 43.31, 180],
		[99, "H4_2", 1175, -1635, "B", "DIP", "3V3SCHEDINA", "", "C", 66.93, 66.93, 43.31, 180],
		[100, "H4_3", 1075, -1635, "T", "DIP", "3V3", "", "C", 66.93, 66.93, 43.31, 180],
		[101, "H4_3", 1075, -1635, "B", "DIP", "3V3", "", "C", 66.93, 66.93, 43.31, 180],
		[102, "L2_1", 2035, -98.31, "T", "SMD", "$2N11875", "", "R", 114.17, 212.6, 0, 270],
		[103, "L2_2", 2035, -511.69, "T", "SMD", "5V", "", "R", 114.17, 212.6, 0, 270],
		[104, "R22_1", 2458.22, -2250, "T", "SMD", "$2N11837", "", "R", 47.54, 66.97, 0, 180],
		[105, "R22_2", 2341.78, -2250, "T", "SMD", "GND", "GND", "R", 47.54, 66.97, 0, 180],
		[106, "R23_1", 2213.22, -2250, "T", "SMD", "$2N11838", "", "R", 47.54, 66.97, 0, 180],
		[107, "R23_2", 2096.78, -2250, "T", "SMD", "GND", "GND", "R", 47.54, 66.97, 0, 180],
		[108, "R24_1", 1968.22, -2250, "T", "SMD", "$2N11839", "", "R", 47.54, 66.97, 0, 180],
		[109, "R24_2", 1851.78, -2250, "T", "SMD", "GND", "GND", "R", 47.54, 66.97, 0, 180],
		[110, "R25_1", 1718.22, -2245, "T", "SMD", "$2N11840", "", "R", 47.54, 66.97, 0, 180],
		[111, "R25_2", 1601.78, -2245, "T", "SMD", "GND", "GND", "R", 47.54, 66.97, 0, 180],
		[112, "R26_1", 1607.5, -2005.72, "T", "SMD", "$2N11841", "", "R", 47.54, 66.97, 0, 90],
		[113, "R26_2", 1607.5, -1889.28, "T", "SMD", "GND", "GND", "R", 47.54, 66.97, 0, 90],
		[114, "R27_1", 1402.5, -1880.72, "T", "SMD", "$2N11842", "", "R", 47.54, 66.97, 0, 90],
		[115, "R27_2", 1402.5, -1764.28, "T", "SMD", "GND", "GND", "R", 47.54, 66.97, 0, 90],
		[116, "R28_1", 1497.5, -1764.28, "T", "SMD", "V1", "", "R", 47.54, 66.97, 0, 270],
		[117, "R28_2", 1497.5, -1880.72, "T", "SMD", "$2N11842", "", "R", 47.54, 66.97, 0, 270],
		[118, "R29_1", 1702.5, -1889.28, "T", "SMD", "V2", "", "R", 47.54, 66.97, 0, 270],
		[119, "R29_2", 1702.5, -2005.72, "T", "SMD", "$2N11841", "", "R", 47.54, 66.97, 0, 270],
		[120, "R30_1", 1600.06, -2151.36, "T", "SMD", "V3", "", "R", 47.54, 66.97, 0, 0],
		[121, "R30_2", 1716.5, -2151.36, "T", "SMD", "$2N11840", "", "R", 47.54, 66.97, 0, 0],
		[122, "R31_1", 1851.78, -2155, "T", "SMD", "V4", "", "R", 47.54, 66.97, 0, 0],
		[123, "R31_2", 1968.22, -2155, "T", "SMD", "$2N11839", "", "R", 47.54, 66.97, 0, 0],
		[124, "R32_1", 2096.78, -2155, "T", "SMD", "V5", "", "R", 47.54, 66.97, 0, 0],
		[125, "R32_2", 2213.22, -2155, "T", "SMD", "$2N11838", "", "R", 47.54, 66.97, 0, 0],
		[126, "R33_1", 2341.78, -2155, "T", "SMD", "V6", "", "R", 47.54, 66.97, 0, 0],
		[127, "R33_2", 2458.22, -2155, "T", "SMD", "$2N11837", "", "R", 47.54, 66.97, 0, 0],
		[128, "R42_1", 2276.63, -1270.1, "T", "SMD", "$2N36514", "", "R", 47.54, 66.97, 0, 0],
		[129, "R42_2", 2393.07, -1270.1, "T", "SMD", "ALIMENTAZIONE", "", "R", 47.54, 66.97, 0, 0],
		[130, "R43_1", 2274.81, -1388.46, "T", "SMD", "$2N36486", "", "R", 47.54, 66.97, 0, 0],
		[131, "R43_2", 2391.25, -1388.46, "T", "SMD", "ALIMENTAZIONE", "", "R", 47.54, 66.97, 0, 0],
		[132, "R44_1", 2274.81, -1503.46, "T", "SMD", "$2N36512", "", "R", 47.54, 66.97, 0, 0],
		[133, "R44_2", 2391.25, -1503.46, "T", "SMD", "ALIMENTAZIONE", "", "R", 47.54, 66.97, 0, 0],
		[134, "S1_1", 196.85, -196.85, "T", "DIP", "S1_1", "", "C", 137.8, 137.8, 118.11, 0],
		[135, "S1_1", 196.85, -196.85, "B", "DIP", "S1_1", "", "C", 137.8, 137.8, 118.11, 0],
		[136, "S2_1", 2440.94, -196.85, "T", "DIP", "S2_1", "", "C", 137.8, 137.8, 118.11, 0],
		[137, "S2_1", 2440.94, -196.85, "B", "DIP", "S2_1", "", "C", 137.8, 137.8, 118.11, 0],
		[138, "S3_1", 196.85, -2834.65, "T", "DIP", "S3_1", "", "C", 137.8, 137.8, 118.11, 0],
		[139, "S3_1", 196.85, -2834.65, "B", "DIP", "S3_1", "", "C", 137.8, 137.8, 118.11, 0],
		[140, "S4_1", 2440.94, -3188.98, "T", "DIP", "S4_1", "", "C", 137.8, 137.8, 118.11, 0],
		[141, "S4_1", 2440.94, -3188.98, "B", "DIP", "S4_1", "", "C", 137.8, 137.8, 118.11, 0],
		[142, "SP1_1", 1100, -2760, "B", "SMD", "VALVOLA1", "", "P", 51.18, 61.65, 0, 0],
		[143, "SP1_2", 1100, -2690, "B", "SMD", "GND", "GND", "P", 51.18, 61.65, 0, 0],
		[144, "SP2_1", 1350, -2765, "B", "SMD", "VALVOLA2", "", "P", 51.18, 61.65, 0, 0],
		[145, "SP2_2", 1350, -2695, "B", "SMD", "GND", "GND", "P", 51.18, 61.65, 0, 0],
		[146, "SP3_1", 1600, -2760, "B", "SMD", "VALVOLA3", "", "P", 51.18, 61.65, 0, 0],
		[147, "SP3_2", 1600, -2690, "B", "SMD", "GND", "GND", "P", 51.18, 61.65, 0, 0],
		[148, "SP4_1", 1850, -2760, "B", "SMD", "VALVOLA4", "", "P", 51.18, 61.65, 0, 0],
		[149, "SP4_2", 1850, -2690, "B", "SMD", "GND", "GND", "P", 51.18, 61.65, 0, 0],
		[150, "SP5_1", 2095, -2760, "B", "SMD", "VALVOLA5", "", "P", 51.18, 61.65, 0, 0],
		[151, "SP5_2", 2095, -2690, "B", "SMD", "GND", "GND", "P", 51.18, 61.65, 0, 0],
		[152, "SP6_1", 2340, -2760, "B", "SMD", "VALVOLA6", "", "P", 51.18, 61.65, 0, 0],
		[153, "SP6_2", 2340, -2690, "B", "SMD", "GND", "GND", "P", 51.18, 61.65, 0, 0],
		[154, "SP7_1", 685, -465, "B", "SMD", "GND", "GND", "P", 51.18, 61.65, 0, 0],
		[155, "SP7_2", 685, -395, "B", "SMD", "COM", "", "P", 51.18, 61.65, 0, 0],
		[156, "U17_1", 1465.72, -614.08, "T", "SMD", "$2N11876", "", "O", 22.38, 76.78, 0, 180],
		[157, "U17_2", 1415.72, -614.08, "T", "SMD", "$2N11875", "", "O", 22.38, 76.78, 0, 180],
		[158, "U17_3", 1365.72, -614.08, "T", "SMD", "5V", "", "O", 22.38, 76.78, 0, 180],
		[159, "U17_4", 1315.72, -614.08, "T", "SMD", "GND", "GND", "O", 22.38, 76.78, 0, 180],
		[160, "U17_5", 1315.72, -827.08, "T", "SMD", "GND", "GND", "O", 22.38, 76.78, 0, 180],
		[161, "U17_6", 1365.72, -827.08, "T", "SMD", "GND", "GND", "O", 22.38, 76.78, 0, 180],
		[162, "U17_7", 1415.72, -827.08, "T", "SMD", "GND", "GND", "O", 22.38, 76.78, 0, 180],
		[163, "U17_8", 1465.72, -827.08, "T", "SMD", "GND", "GND", "O", 22.38, 76.78, 0, 180],
		[164, "U18_1", 1040, -363.68, "T", "SMD", "$2N11876", "", "R", 70.87, 66.93, 0, 270],
		[165, "U18_2", 1040, -536.32, "T", "SMD", "COM", "", "R", 70.87, 66.93, 0, 270],
		[166, "U19_1", 1233.45, -1262.33, "T", "SMD", "GND", "GND", "R", 97.24, 38.58, 0, 90],
		[167, "U19_2", 1142.9, -1262.33, "T", "SMD", "3V3", "", "R", 97.24, 38.58, 0, 90],
		[168, "U19_3", 1052.35, -1262.33, "T", "SMD", "5V", "", "R", 97.24, 38.58, 0, 90],
		[169, "U19_4", 1142.9, -1485.55, "T", "SMD", "3V3", "", "R", 97.24, 141.73, 0, 90],
		[170, "U20_1", 1100.94, -2508.39, "T", "SMD", "GND", "GND", "R", 62.01, 26.46, 0, 270],
		[171, "U20_2", 1159.99, -2401.61, "T", "SMD", "VALVOLA1", "", "P", 74.8, 211.69, 0, 270],
		[172, "U20_3", 1219.06, -2508.39, "T", "SMD", "$2N11842", "", "R", 62.01, 26.46, 0, 270],
		[173, "U21_1", 1350.95, -2508.39, "T", "SMD", "GND", "GND", "R", 62.01, 26.46, 0, 270],
		[174, "U21_2", 1410, -2401.61, "T", "SMD", "VALVOLA2", "", "P", 74.8, 211.69, 0, 270],
		[175, "U21_3", 1469.05, -2508.39, "T", "SMD", "$2N11841", "", "R", 62.01, 26.46, 0, 270],
		[176, "U22_1", 1600.95, -2508.39, "T", "SMD", "GND", "GND", "R", 62.01, 26.46, 0, 270],
		[177, "U22_2", 1660, -2401.61, "T", "SMD", "VALVOLA3", "", "P", 74.8, 211.69, 0, 270],
		[178, "U22_3", 1719.05, -2508.39, "T", "SMD", "$2N11840", "", "R", 62.01, 26.46, 0, 270],
		[179, "U23_1", 1850.95, -2503.39, "T", "SMD", "GND", "GND", "R", 62.01, 26.46, 0, 270],
		[180, "U23_2", 1910, -2396.61, "T", "SMD", "VALVOLA4", "", "P", 74.8, 211.69, 0, 270],
		[181, "U23_3", 1969.05, -2503.39, "T", "SMD", "$2N11839", "", "R", 62.01, 26.46, 0, 270],
		[182, "U24_1", 2095.95, -2503.39, "T", "SMD", "GND", "GND", "R", 62.01, 26.46, 0, 270],
		[183, "U24_2", 2154.99, -2396.61, "T", "SMD", "VALVOLA5", "", "P", 74.8, 211.69, 0, 270],
		[184, "U24_3", 2214.05, -2503.39, "T", "SMD", "$2N11838", "", "R", 62.01, 26.46, 0, 270],
		[185, "U25_1", 2340.95, -2503.39, "T", "SMD", "GND", "GND", "R", 62.01, 26.46, 0, 270],
		[186, "U25_2", 2399.99, -2396.61, "T", "SMD", "VALVOLA6", "", "P", 74.8, 211.69, 0, 270],
		[187, "U25_3", 2459.05, -2503.39, "T", "SMD", "$2N11837", "", "R", 62.01, 26.46, 0, 270],
		[188, "U26_1", 2135.21, -1758.89, "T", "SMD", "$2N36434", "", "O", 13.5, 68.17, 0, 270],
		[189, "U26_2", 2135.21, -1784.48, "T", "SMD", "$2N36429", "", "O", 13.5, 68.17, 0, 270],
		[190, "U26_3", 2135.21, -1810.07, "T", "SMD", "$2N36416", "", "O", 13.5, 68.17, 0, 270],
		[191, "U26_4", 2135.21, -1835.67, "T", "SMD", "V1", "", "O", 13.5, 68.17, 0, 270],
		[192, "U26_5", 2135.21, -1861.26, "T", "SMD", "V2", "", "O", 13.5, 68.17, 0, 270],
		[193, "U26_6", 2135.21, -1886.85, "T", "SMD", "V3", "", "O", 13.5, 68.17, 0, 270],
		[194, "U26_7", 2135.21, -1912.44, "T", "SMD", "V4", "", "O", 13.5, 68.17, 0, 270],
		[195, "U26_8", 2135.21, -1938.03, "T", "SMD", "GND", "GND", "O", 13.5, 68.17, 0, 270],
		[196, "U26_9", 2360.86, -1938.03, "T", "SMD", "V6", "", "O", 13.5, 68.17, 0, 270],
		[197, "U26_10", 2360.86, -1912.44, "T", "SMD", "V5", "", "O", 13.5, 68.17, 0, 270],
		[198, "U26_11", 2360.86, -1886.85, "T", "SMD", "U26_11", "", "O", 13.5, 68.17, 0, 270],
		[199, "U26_12", 2360.86, -1861.26, "T", "SMD", "U26_12", "", "O", 13.5, 68.17, 0, 270],
		[200, "U26_13", 2360.86, -1835.67, "T", "SMD", "U26_13", "", "O", 13.5, 68.17, 0, 270],
		[201, "U26_14", 2360.86, -1810.07, "T", "SMD", "IIC_SCL", "", "O", 13.5, 68.17, 0, 270],
		[202, "U26_15", 2360.86, -1784.48, "T", "SMD", "IIC_SDA", "", "O", 13.5, 68.17, 0, 270],
		[203, "U26_16", 2360.86, -1758.89, "T", "SMD", "ALIMENTAZIONE", "", "O", 13.5, 68.17, 0, 270],
		[204, "U27_1", 536.35, -683.43, "T", "SMD", "GND", "GND", "P", 119.68, 119.69, 0, 0],
		[205, "U27_2", 536.09, -853.22, "T", "SMD", "GND", "GND", "P", 119.68, 119.68, 0, 0],
		[206, "U27_3", 408.54, -853.02, "T", "SMD", "GND", "GND", "P", 119.68, 119.69, 0, 0],
		[207, "U27_4", 409.09, -682.22, "T", "SMD", "GND", "GND", "P", 119.68, 119.68, 0, 0],
		[208, "U28_1", 2504.85, -683.43, "T", "SMD", "GND", "GND", "P", 119.68, 119.69, 0, 0],
		[209, "U28_2", 2504.59, -853.22, "T", "SMD", "GND", "GND", "P", 119.69, 119.68, 0, 0],
		[210, "U28_3", 2377.04, -853.02, "T", "SMD", "GND", "GND", "P", 119.68, 119.69, 0, 0],
		[211, "U28_4", 2377.59, -682.22, "T", "SMD", "GND", "GND", "P", 119.69, 119.68, 0, 0],
		[212, "U29_1", 1441.86, -2022.01, "T", "SMD", "GND", "GND", "P", 119.68, 119.68, 0, 0],
		[213, "U29_2", 1441.6, -2191.8, "T", "SMD", "GND", "GND", "P", 119.69, 119.68, 0, 0],
		[214, "U29_3", 1314.05, -2191.6, "T", "SMD", "GND", "GND", "P", 119.68, 119.68, 0, 0],
		[215, "U29_4", 1314.6, -2020.8, "T", "SMD", "GND", "GND", "P", 119.68, 119.68, 0, 0]
	]
}
}